"Title","Company","City","State","Zipcode","PostedDateText","Remote","Job Shelf","Job Type","Job Link"
"Digital Products Sales Manager","MediaWorks Digital Marketing Services","Arvada","CO","80002","5 days ago","Remote work available","Easily apply, Responsive employer, Urgently hiring","Full-time","https://www.indeed.com/pagead/clk?mo=r&ad=-6NYlbfkN0ASY8fmWsAiVNgJ38--o5ScDZmxvOzvaKL-76jvrT2jGpFvXBe0VQEwOH2MlVrjdAAP-IgrziqLHE2-OORk__qj8RZlPsWhscI1iDLuA7MPOYupmumu2N8GP94HyNDgZQyl5uVzPJrdgdibqS2cHnDuEnSTSCy2pRw40QMh8sEDf39_TKwbvfh3COfFoUPDnFUGqjanuM8BoP7dEx8aiVa4U6J8csIv81lk6TTzj1z56wsLOlVROmgj3l_sQT4vk1PBbOFHuKk5SgSaEUEoWjgMWFjc83lMGy1obj4qrfspKFnNv8lOUQTTOhs_MzPUKNe75ajQcbIp_-flp9MeU943uRtAq5cnuCw_9xi0-0ub-gydgvw-9T_dL-qnvOAy16QldzOEdiEaFq1O-dKKYpUJU3ayh3VUJqz8qs5LpaDXf5F42AtGl9Pt8OaHlRJOlsZFpVxnWB4hGw==&p=0&fvj=1&vjs=3"
"Advertising Operations Manager (Remote Job)","Grady Multi-Media","Broomfield","","","30+ days ago","Remote work available","Easily apply","Contract","https://www.indeed.com/pagead/clk?mo=r&ad=-6NYlbfkN0Bba1PB9CD936IEe70KgIhCEb1NzQPYWj3Klda3zAR2xM2Ekwq9OnnKO7mv6xoL6xixiH4wxwPHz8hp4UoAxVEiusCccufODGC_-6O8NQSAPQxx_nynq2smKnGQbPPdAxGQzgwmgIPTzYWF3wbVzJbwSZdy-Yo9334cOgw_4hHuLl2-mpr9jKPj3OXzvLOcCS1HqMluB59T_a2mxlFJdRMFq8agrYIVVVQTEx6iIuF8wgZcK1FFeUb6rTatvyo4pIlZIJGfcBBgPaYcKH0V3FrOPdCVmLzrY-_IOCTDUbdae2Elmmfekv5mgo-ZxQpltm_lDnlDqzdEsVEBxUzRXizklElLGhnPCL-_xLLz8zor_14gmEAi9jC4as5CsOIldsP3WlFYFryXclz0eN74zIv1PPfc3OHqmg2s-OsuRccUH1_CyPbLaPO3d8RuAKSjI1yQpZeu5-Vpwjpepyu9PKgs&p=1&fvj=1&vjs=3"
"Digital Communications Specialist","Hire Connections","Centennial","CO","80112","8 days ago","","Easily apply, Urgently hiring","","https://www.indeed.com/pagead/clk?mo=r&ad=-6NYlbfkN0AqxGbEPOGztv1TouJsqP1p3J3aw4xydyY1m2qvtoJNKt4HXmFshb52A_KfTdjD_seaErSoeKzOhPmjsNsGtlya9AZ5s9uYVAru_zaw9meOie2jkvFabiFg8Rm7oXkxHusgCg14C9_3bAQa5NEeJxEckR8bGSgWYH9_IMjFfllF_VQ8fZFKAnAfFL3LFysLMlEvv8PLA4dbM58wz0KGeuSIlZpsD_MLJMOMrXL-XejzkH-vtS6qEV7nCqPhmna1A5YRMCs_HnnnhDr7Qursyw3z2ZGCJSxAwVVN5jLw5LqzGFW_KN8aTNQEkbpTaGKGIsgNCmJ2YLtHwPit-l75Y5alOH6TMzP6GoDabyvPx4SPmHSVAP8PXv-Hr2YpFH8WC0RAT9MHbbo4o9kz32oK-yeZLKEkJX9Ah95XStrtKHX4b-GXANQrpIXFyNrIU4sRKO2RsNOhC4P2szjRCC81RTLhwKdvc-8ifL0=&p=2&fvj=1&vjs=3"
"VIDEO ENGINEER","CorTech, LLC","Englewood","CO","80112","13 days ago","Remote work available","","","https://www.indeed.com/pagead/clk?mo=r&ad=-6NYlbfkN0ATCZlh4at3dJuJ3v9QYE_c1VOYF6jG6qQshNoY64OlFFfJ6Ge9uDdKYCAYWb7bhuvBYl50Indys63X1x6U24SMLmV2Lrd9GQRtkQDdr5H057yNp-WUjOXri2xhW-lxbTTSV6XDm7cS54nKnQywUS6ObR6I2Amox1hWbpswDrHQXO0F_9SvJfn5ANdhhZo6y1hgWApysGVAFFTQg6P9FFqxVgEaH7PYJ8ThpX70RVto3S1n0Y8hsM6iNIeDyHUsAa4KdbXDbFXPSz93JEzjC-r-35N9arKrkTQngj-8uRi_uISErTPCUlBcuV1193DeQxlS09TQkf8328Xw8LeQHRH5tY_HXjchJJTGHbPMDurdumPN9BbF-yK9zWmL4AzIuQvnUDSWTGojlvmyn9-9GzFKFc9BHknT0rU2s3UusXv4S0MCuC-_9lR4jFAukxdP58LndrluVHMbnx6dmgDCkxvshhRxzTHXt3CIuwubKuRitti16MOtqI09XiRw196_s4pg17JlC7G1q0ZFBDHc6iichBONFNRfuQZe0P8_tADPwvOOfqp8Pk3IvRqte_BZUiM=&p=3&fvj=0&vjs=3"
"Digital Growth Marketing Manager","Apollo Brands LLC","","","","4 days ago","Remote work available","Easily apply","Full-time","https://www.indeed.com/company/Apollo-Brands-LLC/jobs/Digital-Growth-Marketing-Manager-430a79fe8c9a5eb7?fccid=646b4e8469e2a134&vjs=3"
"Director - Growth Marketing","Assignar","","","","4 days ago","","Easily apply","","https://www.indeed.com/rc/clk?jk=0337fb3ef96514fd&fccid=6134d137d104d71e&vjs=3"
"VP of Digital Marketing","AdAction Interactive","","","","4 days ago","","Easily apply","","https://www.indeed.com/rc/clk?jk=ee9c5d613bfad33e&fccid=6693d189d393d08b&vjs=3"
"Marketing Manager","Sphere Inc.","","","","19 days ago","","Easily apply","","https://www.indeed.com/rc/clk?jk=262ef8a90834ffb2&fccid=2e40c6c13d0c1010&vjs=3"
"Advertising Sales Representative","Main Street Media 360","","","","5 days ago","","Easily apply","Full-time","https://www.indeed.com/company/Main-Street-Media-360/jobs/Advertising-Sales-Representative-e43957915c635743?fccid=ea63254d92181d61&vjs=3"
"Digital Marketing Specialist","Schwing Marketing","","","","3 days ago","Remote work available","Easily apply","","https://www.indeed.com/company/Schwing-Marketing/jobs/Digital-Marketing-Specialist-41646ec664cbfcd8?fccid=76836c405a922196&vjs=3"
"Sr. Digital Marketing Strategist","Trimble","","","","4 days ago","","Easily apply","","https://www.indeed.com/rc/clk?jk=b2a73a89ca66046f&fccid=3d2456270cbb298b&vjs=3"
"Sales Associate","Supernova Energy","","","","5 days ago","Remote work available","Easily apply","","https://www.indeed.com/company/Supernova-Energy/jobs/Sales-Associate-92c06744b17e35fc?fccid=cfa80a46391fe024&vjs=3"
"Remote Sales Representative","DCM","","","","8 days ago","Remote work available","Easily apply","","https://www.indeed.com/company/DCM/jobs/Remote-Sales-Representative-99bb49e68553fd9d?fccid=91f4b75e994b5f43&vjs=3"
"Digital Paid Search Specialist","Renovation Brands","","","","30+ days ago","","Easily apply","","https://www.indeed.com/rc/clk?jk=5e2b0b6ef8818332&fccid=a08ac7599cac4357&vjs=3"
"Digital Marketing Manager Position","CURLS","","","","7 days ago","","Easily apply","Full-Time","https://www.indeed.com/pagead/clk?mo=r&ad=-6NYlbfkN0A6l-NhDGJWsuuVeC2GO5px45Yw8OW4W8ah_Kv81hpLDXIErkG4dompVoK0m4kQFZUM_A7yAwMTh-CrQJKnn-pFmyWfLHiQxkijATbpfC2ULwNk8JASS-Y_mW-UGXja2nCIDRfkfIG_FZNnFxdHCcz_04SVkUVNyorVahe4cvJXyZILq_LxImbWTfTMKO34jgcWLXSEgQ5pqY9bV0sIDjiU7J9Uj77kNZIZtSdgjzPIJZlbveav91S4zm_ckDE3xlgVo8M0tlFSy3qpY-mEghbbWtogajBVC52_L1_2sgkFdCb6mAGe4llDYdfg3LcTSOqeFus0HaBeeM8lt8XNo0aHicwGFL6LAAy5X1ViJgtJf4bU02JRsMH1SbRLcvKVLzBLGYXGNV3Xl5i30OP5gzXhPADDZexzwFvGpEEFZcT557MeWXIKXr8536K7tBhdzf0uycQpUmqqAQ==&p=14&fvj=1&vjs=3"
"Advertising Operations Manager (Remote Job)","Grady Multi-Media","Broomfield","","","30+ days ago","Remote work available","Easily apply","Contract","https://www.indeed.com/pagead/clk?mo=r&ad=-6NYlbfkN0Bba1PB9CD936IEe70KgIhCEb1NzQPYWj3Klda3zAR2xM2Ekwq9OnnKO7mv6xoL6xixiH4wxwPHz8hp4UoAxVEiusCccufODGC_-6O8NQSAPQxx_nynq2smKnGQbPPdAxGQzgwmgIPTzYWF3wbVzJbwSZdy-Yo9334cOgw_4hHuLl2-mpr9jKPjuVq1cSQ3aj8DCBwMiF5Qvl7-5IjnMzKMt7yhpsIXiBz-6pE2Fzo37CH0r5XWnhBGvuSchYWbEbd_a-Q4O412JIhj7Fefo_bbKNVmKzajv7ofsjHYtTx1ta8Q83W4k0XOq_bt_Ps5-s4VVdWV7CCNcaIyNGZHXWwZwslDWtGqzwGFSKGqEq5KitV-jYKVscZH3hjdS_0M2VodTJSSaaUrdHBCBgzM9BAAfNgmaxs6D0ni2BpM-ypJhC-RB5o9CNrA1yLxDW0wxsxC2caXh-lwCJd3vZeypQm2&p=0&fvj=1&vjs=3"
"Digital Marketing Manager Position","CURLS","","","","7 days ago","","Easily apply","Full-Time","https://www.indeed.com/pagead/clk?mo=r&ad=-6NYlbfkN0A6l-NhDGJWsuuVeC2GO5px45Yw8OW4W8ah_Kv81hpLDXIErkG4dompVoK0m4kQFZUM_A7yAwMTh-CrQJKnn-pFmyWfLHiQxkijATbpfC2ULwNk8JASS-Y_mW-UGXja2nCIDRfkfIG_FZNnFxdHCcz_04SVkUVNyorVahe4cvJXyZILq_LxImbW0loMjQpqOv0svhR3tT14-zOcwcWwssfNT7nw87zlqy9W5JHcVHqR3CWPsVjvv-9p0V2XGA4A1e6mtEmNhktxVTtiCfKOlFBqlYp20FyHem3L6DPZoScvQaW9tKEeBETl6jR8VU1xaFVBmpjMLQPBoBLR26ABhu1prYLGvqKFEs7kx_W_zC9rrLKeuAKg2hKIR3eNQef4-LuSX4KlSG5cdzVMlZx4N1pFk0pYxHpl3YjyYe3mXwoqWG6NdM0X9NrEG2tbM7eONkLvPAIRnWD3mQ==&p=1&fvj=1&vjs=3"
"Marketing Sales Representative","PSP Compass Solutions","","","","30+ days ago","Remote work available","Easily apply, Responsive employer","","https://www.indeed.com/company/PSP-Compass-Solutions/jobs/Marketing-Sales-Representative-42d631d0e31a9c54?fccid=1a311842cec36090&vjs=3"
"Digital Marketing Strategist","Red Egg Marketing","","","","12 days ago","Remote work available","Easily apply","","https://www.indeed.com/company/Red-Egg-Marketing/jobs/Digital-Marketing-Strategist-68d8e4b7584816ec?fccid=86b651688b7d723a&vjs=3"
"Digital Marketing Specialist","AlphaGraphics, Inc.","","","","15 days ago","","Easily apply","","https://www.indeed.com/rc/clk?jk=4443714755f3362d&fccid=8b019d3685196eaa&vjs=3"
"Digital Media Manager","E2 Optics","","","","7 days ago","","Easily apply","","https://www.indeed.com/rc/clk?jk=7edc33300ae8e64c&fccid=2185d3717d88bc9c&vjs=3"
"Digital Strategist - Denver","Elevated Third","","","","30+ days ago","","Easily apply","","https://www.indeed.com/rc/clk?jk=9722dce8c780b9ed&fccid=4f7ce3158357bafa&vjs=3"
"VP of Digital Marketing","AdAction Interactive","","","","4 days ago","","Easily apply","","https://www.indeed.com/rc/clk?jk=ee9c5d613bfad33e&fccid=6693d189d393d08b&vjs=3"
"Digital Marketing Manager","Oakwood Homes LLC","","","","30+ days ago","","","","https://www.indeed.com/rc/clk?jk=b6deb554a17eed92&fccid=98f3a5d58951794c&vjs=3"
"SEM Analyst","Revenue River","","","","10 days ago","","Easily apply","","https://www.indeed.com/rc/clk?jk=aff5827d6fc3b05d&fccid=4d9693fb07d33adb&vjs=3"
"Paid Search Specialist - SEM/PPC - Internet Paid Search Prof...","Digital Marketing","","","","30+ days ago","","Easily apply","","https://www.indeed.com/rc/clk?jk=e92e2c2e487160f8&fccid=dd616958bd9ddc12&vjs=3"
"PPC Specialist - Mid Level","Renovation Brands","","","","30+ days ago","","Easily apply","","https://www.indeed.com/rc/clk?jk=0d25101dca3ed067&fccid=a08ac7599cac4357&vjs=3"
"VIDEO ENGINEER","CorTech, LLC","Englewood","CO","80112","13 days ago","Remote work available","","","https://www.indeed.com/pagead/clk?mo=r&ad=-6NYlbfkN0ATCZlh4at3dJuJ3v9QYE_c1VOYF6jG6qQshNoY64OlFFfJ6Ge9uDdKYCAYWb7bhuvBYl50Indys63X1x6U24SMLmV2Lrd9GQRtkQDdr5H057yNp-WUjOXri2xhW-lxbTTSV6XDm7cS54nKnQywUS6OLguHGbT1kXjfz2ZmV5Ii12icfpx8WjCOCW4tbKJMqDVBRYMIeWXbbdgQwVMSsho_ETLEbD1jG9uypNSciCV8fwcpDeeB9RzuQiBCTFE9eh-O4dNwDXCjFnQOJ1s6YU7-lajl-id7sXxsV-ooYHuJImoE6iDAu1fUqGcon6xbxOlEpy-72iIX8fVG3vSW4txOk2zSQsHK1RFr1cEPmcYWbxZabZjzXA0jqGhSPyTVcSSiW6smskK5MkYo5iLgvhx3-CcoYLTyWmel1G24yNKPYmZzxyf9F7q_Ob7P5sElKyyI3ORwLyWud4qcQJwuPj-APwL0-91Luv13dTGJne4LzGlMvs0VFj9Pqj9LW04X-IwQYg3fkdpj9-L8QGco3Dvv18CYQ70KN10S15lUR6NcseaIXu7GhfHSc1tL3im_bcc=&p=12&fvj=0&vjs=3"
"Digital Communications Specialist","Hire Connections","Centennial","CO","80112","8 days ago","","Easily apply, Urgently hiring","","https://www.indeed.com/pagead/clk?mo=r&ad=-6NYlbfkN0AqxGbEPOGztv1TouJsqP1p3J3aw4xydyY1m2qvtoJNKt4HXmFshb52A_KfTdjD_seaErSoeKzOhPmjsNsGtlya9AZ5s9uYVAru_zaw9meOie2jkvFabiFg8Rm7oXkxHusgCg14C9_3bAQa5NEeJxEckR8bGSgWYH9_IMjFfllF_VQ8fZFKAnAfvwg5K9m60fGDyWSBC8ibxR6eUvCDzb1sJAl_0HvakmvKNQV21-cWsz1UVId3TDqTGfYPakvzFuUblcLM0Z7qRZ8HXog1kEWmjDDIMkwB-SlrRDsV6_DWkAz6TU7cDkOC1V-7xSOKGhalT-GRniqjFWPOM8-dOGtiUCOXzA1hdTzenib3-aNlcafwVry0LpeyXwcu1jB3Ph5nrdZJ3RzeW8WvqKlAv9wvIfANX5QcJ6npbRATsa2tg1e-xW5mYR8P0nKgdOraQ4DQCCYmoms---Ls8eSVE1UwjSf7XZ76pB4=&p=13&fvj=1&vjs=3"
"Digital Products Sales Manager","MediaWorks Digital Marketing Services","Arvada","CO","80002","5 days ago","Remote work available","Easily apply, Responsive employer, Urgently hiring","Full-time","https://www.indeed.com/pagead/clk?mo=r&ad=-6NYlbfkN0ASY8fmWsAiVNgJ38--o5ScDZmxvOzvaKL-76jvrT2jGpFvXBe0VQEwOH2MlVrjdAAP-IgrziqLHE2-OORk__qj8RZlPsWhscI1iDLuA7MPOYupmumu2N8GP94HyNDgZQyl5uVzPJrdgdibqS2cHnDuEnSTSCy2pRw40QMh8sEDfx6_Q0MD1eZe1foyHRVhqYCguQoz-Vstx_e4PMP6kU46Y0l1aSyiRfH6HTzqyni5lxT4KPyg-P3m98TThQCirmrsFokte0b4GLddtxwgJqztfKJresz4QvZjdPmnbrTryTFF2iqJ34-irhktxIHpLVcF9LcTDbmAK45ARh2kF_aNgJ-y-DItRbEe3pmqnYRVvHQS7Cave3tOuq8Aaxlwjo3n0g6FQvD-Is_MEFvtcvh_UkXJsrtuVt6eCvkC3TVzgQm1bqEcG0wf3bB9i_J2fnGBZG98m7PvWQ==&p=14&fvj=1&vjs=3"
"Advertising Operations Manager (Remote Job)","Grady Multi-Media","Broomfield","","","30+ days ago","Remote work available","Easily apply","Contract","https://www.indeed.com/pagead/clk?mo=r&ad=-6NYlbfkN0Bba1PB9CD936IEe70KgIhCEb1NzQPYWj3Klda3zAR2xM2Ekwq9OnnKO7mv6xoL6xixiH4wxwPHz8hp4UoAxVEiusCccufODGC_-6O8NQSAPQxx_nynq2smKnGQbPPdAxGQzgwmgIPTzYWF3wbVzJbwSZdy-Yo9334cOgw_4hHuLl2-mpr9jKPjg-2Zv7Nj7Ld-5imm5AxGpL0v5gAJA5hPX3IbfjNNDwr7o55PbozIRvwGsq1bo-6Vjc9juMAEpNDOAcP0lfSG_tn4GylqjidOuzYPhNL8a6DWYn4B5Rci85zWMTjMeIrX6B-g7iok2-q-16U2Glz8JlQt-0i_VNw32KmNw4agyD_ZGESq0a1QPkHTiyI7TSd-Cmaq_2ky4IBFOD6av-X8EmfRXoX2L_enTAUTbsfIILpefZk8mpuz8G-nlE_3oogiBI_KgKaT80WszGmc8JP5EInHxOhCmalh&p=0&fvj=1&vjs=3"
"Digital Marketing Manager Position","CURLS","","","","7 days ago","","Easily apply","Full-Time","https://www.indeed.com/pagead/clk?mo=r&ad=-6NYlbfkN0A6l-NhDGJWsuuVeC2GO5px45Yw8OW4W8ah_Kv81hpLDXIErkG4dompVoK0m4kQFZUM_A7yAwMTh-CrQJKnn-pFmyWfLHiQxkijATbpfC2ULwNk8JASS-Y_mW-UGXja2nCIDRfkfIG_FZNnFxdHCcz_04SVkUVNyorVahe4cvJXyZILq_LxImbWJXp_FA1BIbhBfQkLQYiH2WKqu-Zwid1d4bNuZHhWUL7I8EF6J0MlpD2DcZapT4oFJL0zJxrN-Fu2Ze4ig4rzON-r11yV8qXZXu4jtGERJdNR1TTUT3A89FqpmGzbc_js8Bw-7jFUTzz5xNnsnoG9z_Vyp4V9ShxIHhvHg3IH_0XlnHjH89jM5T6Zv9fAJKrHFxT-GgHRtTSt9cYHoC5kNCSJn8NNQ4wdmZQDBVwfWTwtBei0Ob6kT12WL6u9Q683ES_9vBFZpMObK9Ne0UjFwQ==&p=1&fvj=1&vjs=3"
"Digital & eCommerce Manager","Autodesk","","","","30+ days ago","","","","https://www.indeed.com/rc/clk?jk=50790e217c809f8d&fccid=7136762d065a5ad7&vjs=3"
"Business Development Representative","Digital Reach","","","","30+ days ago","Remote work available","Easily apply","","https://www.indeed.com/rc/clk?jk=5f5b06edcad5b3c1&fccid=5f24bf6e3d27be9d&vjs=3"
"Digital Sales Manager","Salem Media Group","","","","30+ days ago","","","","https://www.indeed.com/rc/clk?jk=3aef07344b90d0b8&fccid=a13cf8b584b9ac63&vjs=3"
"Client Success Manager","Adtaxi","","","","30+ days ago","","Easily apply","","https://www.indeed.com/company/Digital-First-Media/jobs/Client-Success-Manager-8699364cb6b5e85c?fccid=3894230e6d099138&vjs=3"
"Head of Content and Digital Media","E2 Optics","","","","7 days ago","","Easily apply","","https://www.indeed.com/rc/clk?jk=9d4688a9259adfab&fccid=2185d3717d88bc9c&vjs=3"
"Programmatic Campaign Manager","DataSphere","","","","30+ days ago","","Easily apply","","https://www.indeed.com/rc/clk?jk=ad2b27b6c8532ac8&fccid=0e6af4eba1a60826&vjs=3"
"Head of Demand Generation","Allworth Financial","","","","1 day ago","Remote work available","","","https://www.indeed.com/rc/clk?jk=aca172ae7a1ed8fb&fccid=b0bef3e707c95eab&vjs=3"
"Content Marketer","DataSphere","","","","30+ days ago","","Easily apply","","https://www.indeed.com/rc/clk?jk=dca83472649ed592&fccid=0e6af4eba1a60826&vjs=3"
"PPC / SEM Specialist","C1 Partners","","","","30+ days ago","","","","https://www.indeed.com/rc/clk?jk=5f94cad00b62809f&fccid=f99b2c685e8e3785&vjs=3"
"National Account Executive","Supernova Energy","","","","8 days ago","Remote work available","Easily apply","","https://www.indeed.com/company/Supernova-Energy/jobs/National-Account-Executive-271e29ce1e0fde02?fccid=cfa80a46391fe024&vjs=3"
"VIDEO ENGINEER","CorTech, LLC","Englewood","CO","80112","13 days ago","Remote work available","","","https://www.indeed.com/pagead/clk?mo=r&ad=-6NYlbfkN0ATCZlh4at3dJuJ3v9QYE_c1VOYF6jG6qQshNoY64OlFFfJ6Ge9uDdKYCAYWb7bhuvBYl50Indys63X1x6U24SMLmV2Lrd9GQRtkQDdr5H057yNp-WUjOXri2xhW-lxbTTSV6XDm7cS54nKnQywUS6OJPqj4_v6sjmz3JObNmWTRNxYNhl5gD7KXX1-HhiC-m_TwOMXy3bUAvgkgb4cAFdEBIofcJBIC6uO-G3t9aYzhjh6x-auKwswY2qu3AIpBo8fmsd4vuBTVHSHXs78xhDzxszLejjB5n0JrGuzcIt3pRUrFOoZfqhw6eqGp3ae9n7KnYvwX8JbvuOhm5Bpa3iPDehGE4hHshTZI1_m4v9YSkWmH2wgSPJrBobGmqeCpX-5MYs0yBO3luw-rL7SoK52uPhZnpUA2Leqa6pk9G1x1WHdSJ1YI_SBaEXrrFv1lFKKAoUyQ25sY1llKsgHiAtDKoXzv8HiJjsO7ecG9ZKk9gXOJ9-t4W_3kA7cZhbQxokTNGUq-pbaJOZj6_KvD64wjiGUWCM-c0zZWzR_jaIlGa9nHy5F9c1ilEg1pL1lgeo=&p=12&fvj=0&vjs=3"
"Digital Communications Specialist","Hire Connections","Centennial","CO","80112","8 days ago","","Easily apply, Urgently hiring","","https://www.indeed.com/pagead/clk?mo=r&ad=-6NYlbfkN0AqxGbEPOGztv1TouJsqP1p3J3aw4xydyY1m2qvtoJNKt4HXmFshb52A_KfTdjD_seaErSoeKzOhPmjsNsGtlya9AZ5s9uYVAru_zaw9meOie2jkvFabiFg8Rm7oXkxHusgCg14C9_3bAQa5NEeJxEckR8bGSgWYH9_IMjFfllF_VQ8fZFKAnAfVMiZiE7eHgAnBArIG6_BKYW0irEUJA-tcJqLossl90305GX50buc-2jcV_iXOt-nfx_LquC_6dueNZnnckHoz05q2NUf1FZnrdBxNNFSINWajQFwirggxu4qsW_QDWbP0uoZCNY_Aj61NJ7_U4KXDoRNO89ncobVcFTDbs6jIYQZEVj8HAHr-I3Y1XvmlGXmI-DoBvKV1d3b8SE7qkDRu5axiATdNRY1RI-ZgRNbqa9tLPtzwJp_k02e8bqzFOwvgJU5fT69GiM7luSklm-pVIDgv7Zgg50TuAYI5CoS7Rs=&p=13&fvj=1&vjs=3"
"Digital Products Sales Manager","MediaWorks Digital Marketing Services","Arvada","CO","80002","5 days ago","Remote work available","Easily apply, Responsive employer, Urgently hiring","Full-time","https://www.indeed.com/pagead/clk?mo=r&ad=-6NYlbfkN0ASY8fmWsAiVNgJ38--o5ScDZmxvOzvaKL-76jvrT2jGpFvXBe0VQEwOH2MlVrjdAAP-IgrziqLHE2-OORk__qj8RZlPsWhscI1iDLuA7MPOYupmumu2N8GP94HyNDgZQyl5uVzPJrdgdibqS2cHnDuEnSTSCy2pRw40QMh8sEDfw3O0nlCQ1pgCrNsiliC7kDa9Ui5xfxBA3NnFWYqpUc7BNcwuxNJ_IVPTaqWaDTKr8n19m76FtM8zYwqB9mXmT28XPVs-tUXHuqosMBQUW098riI74V0F-fJXr6uhgt4psTBK6hfFXcM6hGQfjJuxO6sSRB3Jza66LG3PePawvVuxqNB-YPp5BTJlChRbhDE7i9VB3XA6coyii5SHCcxF3D1lOLb5B9-Miw4yVW8LzFLkVM3MEamuUDZnQoy3abzRO3Bf9IHtL7c3L7izzW7nwo6C3LrE4XwUQ==&p=14&fvj=1&vjs=3"
"Advertising Operations Manager (Remote Job)","Grady Multi-Media","Broomfield","","","30+ days ago","Remote work available","Easily apply","Contract","https://www.indeed.com/pagead/clk?mo=r&ad=-6NYlbfkN0Bba1PB9CD936IEe70KgIhCEb1NzQPYWj3Klda3zAR2xM2Ekwq9OnnKO7mv6xoL6xixiH4wxwPHz8hp4UoAxVEiusCccufODGC_-6O8NQSAPQxx_nynq2smKnGQbPPdAxGQzgwmgIPTzYWF3wbVzJbwSZdy-Yo9334cOgw_4hHuLl2-mpr9jKPjmHrbOE37D15-fbDqrNywdlxLmLiCqBroS7LPFbnXfIFDY3fgpm_eurT_NjWGZwFbN3SsvMk2PIrKmVSHQSGcz9vMdUFR1ojuzyQcyq-e6rC7KRpTQWMxQbLjvfqV2P018nMbWb2n6sJdu0xVLqY64BcCfMepadLu8CepIVGPCmrbnyswfv1pmyDJC-MhaQIUc0-wry_cgax13XqF3NYgOQ4TOIB5-OyPzxpJC_CTVJoHlw4WRaarVooXyqD4xPMS6FLOKhoZ7lwcKUvuhMY7gDHPRIE8pZ5H&p=0&fvj=1&vjs=3"
"Digital Communications Specialist","Hire Connections","Centennial","CO","80112","8 days ago","","Easily apply, Urgently hiring","","https://www.indeed.com/pagead/clk?mo=r&ad=-6NYlbfkN0AqxGbEPOGztv1TouJsqP1p3J3aw4xydyY1m2qvtoJNKt4HXmFshb52A_KfTdjD_seaErSoeKzOhPmjsNsGtlya9AZ5s9uYVAru_zaw9meOie2jkvFabiFg8Rm7oXkxHusgCg14C9_3bAQa5NEeJxEckR8bGSgWYH9_IMjFfllF_VQ8fZFKAnAfhMjkJ5TwbC7Y6SA3HG7FpJsICG9M7CK4Rf6n7VPr_69VUziwF22hwL_1c_fVSPpQVTWU4Z7gQ6S99_agKbjjr2ykjMhfhusqP2zd6egOJHQS0oRdFoCVf02kHehIgePHjcWLu8MEk-fbxEVDgrIDmV2qGvZC-Eo2tBqz93tm2sVKEX-bIgK-iAsYfYAiQMHur84hmSxpnEmumk_dl5CTroRGDNsOemmW0VqeKE9agkdkYZadWQA7kKxv23Vbag_zUC7Kutv-Iv7jN7c5vh995C1P0aEXyJhJaTX_MZyegEE=&p=1&fvj=1&vjs=3"
"Paid Ads Manager (PPC)","Interdependence","","","","30+ days ago","","Easily apply","","https://www.indeed.com/rc/clk?jk=fbb796a285005172&fccid=42655a2e4a86dced&vjs=3"
"Director of Marketing & Communications","Zoll Data Systems","","","","21 days ago","","","","https://www.indeed.com/rc/clk?jk=b8d9a378e3418b33&fccid=2d8528febd233ba7&vjs=3"
"Real Estate Agents:We Need MASSIVE HELP With Our Lead Pipeli...","Metro Brokers","","","","30+ days ago","","Easily apply, Responsive employer, Urgently hiring","","https://www.indeed.com/company/Realty-Oasis/jobs/Real-Estate-Agent-b85bec60f256e958?fccid=77f21292916fdd1c&vjs=3"
"Video Engineer","United Business Solutions Inc","","","","12 days ago","Remote work available","Easily apply","Contract","https://www.indeed.com/company/United-Business-Solutions/jobs/Video-Engineer-ae232cf9d8b451ce?fccid=16a3b20928e3683f&vjs=3"
"Regional Marketing Specialist - North America and Asia-Pacif...","Trimble","","","","19 days ago","Remote work available","Easily apply","","https://www.indeed.com/rc/clk?jk=a62df3db80518c6b&fccid=3d2456270cbb298b&vjs=3"
"VP/Head of Marketing","SparkPost","","","","20 days ago","","","","https://www.indeed.com/rc/clk?jk=28993b5aa7f11fdc&fccid=3f232e9faa4661e7&vjs=3"
"Director of eCommerce","Exxel Outdoors","","","","30+ days ago","","Easily apply","","https://www.indeed.com/rc/clk?jk=c26d2a229290a85f&fccid=2295d9246b29b4c2&vjs=3"
"Digital Marketing Manager","Champion PetFoods","","","","30+ days ago","","","","https://www.indeed.com/rc/clk?jk=19644e2c4a0862a0&fccid=dca6145778720e1a&vjs=3"
"Digital Marketing Strategist","NexCore Group","","","","30+ days ago","","Easily apply","Full-time","https://www.indeed.com/company/NexCore-Group/jobs/Digital-Marketing-Strategist-fd15dd273aff4a70?fccid=fbbe4b5536ac2c58&vjs=3"
"Director of Marketplaces","Blue Moon Digital","","","","30+ days ago","","Easily apply","","https://www.indeed.com/rc/clk?jk=594bc56494026020&fccid=1395e97fea15a13c&vjs=3"
"VIDEO ENGINEER","CorTech, LLC","Englewood","CO","80112","13 days ago","Remote work available","","","https://www.indeed.com/pagead/clk?mo=r&ad=-6NYlbfkN0ATCZlh4at3dJuJ3v9QYE_c1VOYF6jG6qQshNoY64OlFFfJ6Ge9uDdKYCAYWb7bhuvBYl50Indys63X1x6U24SMLmV2Lrd9GQRtkQDdr5H057yNp-WUjOXri2xhW-lxbTTSV6XDm7cS54nKnQywUS6O0GD8zm1VQx5czt2Y6yEpH18SMhn_mWfWeSL88FNaecwoL-n2BXg0UQ9JTqyn7D2t-zw9cO-VxCudJNZFmw_dSUrrSbdhc-5Zrpc6DvvBUhfBbwbCI6lWtv_d6z6Uo0Ux4_8YnG9R9N2jMz0VoxJD9M5qrZ0mOOM5yAGA2STQtgqZ_fGBj3b4s1BkL_8mdrHX2cnSkIikmiWAgeocoHmb9Da5dG4tiXjxlShv9nWmTPQ9xyuFOTDeKSpCLTZYpxOnYM_Pede2OzwwUEsGwtfRBHLdZXa8QlFcUDtImmDO0eHVylJM-D4GDdmFCLPhLdmJHPDsoAg1Dwx9odKrtwtVqqWCxu_NylP9P9JD-3ENgL4q2xkiHxWGe8fIIYJ3fvQ4NZ2_KGMOl_AkCqCeXDMxHJZnQWP77MOKWVu6wIyHcZw=&p=12&fvj=0&vjs=3"
"Digital Marketing Manager Position","CURLS","","","","7 days ago","","Easily apply","Full-Time","https://www.indeed.com/pagead/clk?mo=r&ad=-6NYlbfkN0A6l-NhDGJWsuuVeC2GO5px45Yw8OW4W8ah_Kv81hpLDXIErkG4dompVoK0m4kQFZUM_A7yAwMTh-CrQJKnn-pFmyWfLHiQxkijATbpfC2ULwNk8JASS-Y_mW-UGXja2nCIDRfkfIG_FZNnFxdHCcz_04SVkUVNyorVahe4cvJXyZILq_LxImbWr3fVEsqtO6l3L44HqleFaPw38s5WA-PG7oV4878DiHdjwIKcY9Np4n9hPodMmZnzsJlsq5IsUTHjKCSddijheRAP7V5FGT83Mk2wDXC4neNagiRQez42NeeXhGHpzJZBIYr_TtZBi0mAx5diftwK_JZZesRKYJcBmQFx79lNtFUs0SgVd6-898fVA4Q2F4TVotpLxFKgnTfnlOsyobaPR7Amet6BPexIO9TwtQEKhe7hE0Y-7yuc7YELyAaD9gNJQYgegsYrR2nG_1Mg0j9b7Q==&p=13&fvj=1&vjs=3"
"Digital Products Sales Manager","MediaWorks Digital Marketing Services","Arvada","CO","80002","5 days ago","Remote work available","Easily apply, Responsive employer, Urgently hiring","Full-time","https://www.indeed.com/pagead/clk?mo=r&ad=-6NYlbfkN0ASY8fmWsAiVNgJ38--o5ScDZmxvOzvaKL-76jvrT2jGpFvXBe0VQEwOH2MlVrjdAAP-IgrziqLHE2-OORk__qj8RZlPsWhscI1iDLuA7MPOYupmumu2N8GP94HyNDgZQyl5uVzPJrdgdibqS2cHnDuEnSTSCy2pRw40QMh8sEDf6UqC9f_jj2F_56q_w49-a8dYMwAHFn0epbicvmNDn7MNvjqF9HwIHPS0Ny0prXVzKJ9JHJz080qINU9owzbaUGkbk6-rs7rg8hFN5PrJrYUQxTfN_c5vLAE8nQvPMSxpquy5UdUnye4viUPkDjHIiZqrWfCgXsOV4g5lmo7rsxKzIzqFaOhhV4GZKrMAP-eNVmvOVnXJzVkF928_csiOQQ-msPCKli0Az8fb2YEJtUvLXL-sFAHE5bT2oqB1RP4Ix4pjIU1GnFRW2yRllmnJpwKaV34qKYNlA==&p=14&fvj=1&vjs=3"
"Materials Scientist","AEI Corporation","","","","30+ days ago","","Easily apply","","https://www.indeed.com/rc/clk?jk=8943bee78aae3369&fccid=e32657ac097ff8bb&vjs=3"
"Senior Director of Media","Delve","","","","30+ days ago","","","","https://www.indeed.com/rc/clk?jk=d16faa232305e657&fccid=efa27d5c17dc27ba&vjs=3"
"Director, Enterprise Sales","Yext","","","","30+ days ago","","Easily apply","","https://www.indeed.com/rc/clk?jk=4761564f1311ef40&fccid=10492c8f2d7b4e4a&vjs=3"
"Paid Search Buyer [Google Ads]","Common Thread Collective","","","","22 days ago","","Easily apply, Responsive employer","Full-time","https://www.indeed.com/company/Common-Thread-Collective/jobs/Paid-Search-Buyer-9db49306df7f08f2?fccid=7bd372b3cbc6bc16&vjs=3"
"Post Doc for RADD LAB","University of Colorado Boulder","","","","30+ days ago","","","","https://www.indeed.com/rc/clk?jk=a8d46b6841c085f6&fccid=d3add89427ae6567&vjs=3"
"Tier 2 Video Engineer","United Business Solutions Inc","","","","12 days ago","Remote work available","Easily apply","","https://www.indeed.com/company/United-Business-Solutions/jobs/Tier-Video-Engineer-61113ebd749454dd?fccid=16a3b20928e3683f&vjs=3"
"Sr. Consulting Engineer - Metallurgical & Materials","Quest Integrity Group","","","","30+ days ago","","","","https://www.indeed.com/rc/clk?jk=ff860d67b71a86b2&fccid=638936a98629cb4b&vjs=3"
"Engineer I - Materials and Process (670088)","Ball Aerospace","","","","30+ days ago","","","","https://www.indeed.com/rc/clk?jk=206226c41cbcd1a1&fccid=82c5e27e77990fa2&vjs=3"
"Software Growth Engineer","NurseFly","","","","30+ days ago","","Easily apply","","https://www.indeed.com/rc/clk?jk=bd60a45a9cf55d1c&fccid=b15c5544b152ff2f&vjs=3"
"Technology Development Engineer/Scientist","Inscripta Inc","","","","23 days ago","","","","https://www.indeed.com/rc/clk?jk=de9b013f6be388bb&fccid=f534fdd10c69c2d2&vjs=3"
"VIDEO ENGINEER","CorTech, LLC","Englewood","CO","80112","13 days ago","Remote work available","","","https://www.indeed.com/pagead/clk?mo=r&ad=-6NYlbfkN0ATCZlh4at3dJuJ3v9QYE_c1VOYF6jG6qQshNoY64OlFFfJ6Ge9uDdKYCAYWb7bhuvBYl50Indys63X1x6U24SMLmV2Lrd9GQRtkQDdr5H057yNp-WUjOXri2xhW-lxbTTSV6XDm7cS54nKnQywUS6OUy6pd2UdlYkWNXhKfNJGANDhh-nCHSJw7SSHwGqySGQ3S0OemJIlcuhIWOVMs6wZ5gqLhlKoOk_gyXQOEodOXaU01x84pphK9BTqwtw9SIJpLAmjB2QKQhVXi9pHIJEECcqxK1GSQaPY1PJ_gOYA2qMKuIv0uw4fQBHCCAAvoVRtZdto3yaYrDe8f-8jVsN-yTgcreMNCskcO4XpmaEs9FcGpdWu54W6FJmjwVCs2-RlEpIekhprFwx0fU82VVh43y6CK2uN8F8JXqNEMihDWiJTv66_d8GJNAZQFd1oLZDOCzyma9fmozNj6jXF7CvktDp58FdSYpKNLCFH-_WnvlitX3xvMK-ijf6v7GahUQDRTKRsJH1qy7XAuhcLMXfMxenJMplb0HHC8kEtLo8J3VgcDYA8WYYDvt1W5txvzY4=&p=10&fvj=0&vjs=3"
"Digital Communications Specialist","Hire Connections","Centennial","CO","80112","8 days ago","","Easily apply, Urgently hiring","","https://www.indeed.com/pagead/clk?mo=r&ad=-6NYlbfkN0AqxGbEPOGztv1TouJsqP1p3J3aw4xydyY1m2qvtoJNKt4HXmFshb52A_KfTdjD_seaErSoeKzOhPmjsNsGtlya9AZ5s9uYVAru_zaw9meOie2jkvFabiFg8Rm7oXkxHusgCg14C9_3bAQa5NEeJxEckR8bGSgWYH9_IMjFfllF_VQ8fZFKAnAfWdC5n4xFceVsPyTApKwHJmU1TYYGsbILrMxVgH8xmwWfoTgvukgNgBLaf0rcdmuG5a5V8DKGZ-S7Yc0esF0PMrouO316jaJ9Fd6useso61K45sID4iGcAvtI_f0Vt_M0ZmSQhOZtCPcq_N3Qp-VuMzN7lwIpE42uG6A4O_TKXxQslW-k4e1UZLn7fQd6yYhz30kJrbW2aWKNOwrLohJtIhyA1NyDA0l8JGPPsYj7bZ4VjsSjIIfIbUX4n4bWCOa3xniH-lZFvXTt1wxkjhdVadmQYvSyWahnr3m-YA0eOuA=&p=11&fvj=1&vjs=3"
"Digital Products Sales Manager","MediaWorks Digital Marketing Services","Arvada","CO","80002","5 days ago","Remote work available","Easily apply, Responsive employer, Urgently hiring","Full-time","https://www.indeed.com/pagead/clk?mo=r&ad=-6NYlbfkN0ASY8fmWsAiVNgJ38--o5ScDZmxvOzvaKL-76jvrT2jGpFvXBe0VQEwOH2MlVrjdAAP-IgrziqLHE2-OORk__qj8RZlPsWhscI1iDLuA7MPOYupmumu2N8GP94HyNDgZQyl5uVzPJrdgdibqS2cHnDuEnSTSCy2pRw40QMh8sEDfzxuC26mV5lqLgcOajxjW_MOZ5hkGV-R0eDbrj79UVZVQlIQzrbBR4rb8sUKLQMDtYrpBJtLbRymQVIdyfOwwUZrhHXY1i0iGHOMGv8hDNw14Fa365KNsYjKFoP53n6WkFMlyMU72fKbwVIDZW5ZDlqC2t9-cs3DDDsHgefjl0a4qNNCye-ep8-hac0tS8f3aUt5Jmt4AlKgeoCt80sAjlXJqb500KFrdOx4AeS_Fr8gPAnKYJApmeXH1aaBb4t1eftTQxqySC6m1-tUP2g_Vlq8oUncIbz_nw==&p=12&fvj=1&vjs=3"
"Advertising Operations Manager (Remote Job)","Grady Multi-Media","Broomfield","","","30+ days ago","Remote work available","Easily apply","Contract","https://www.indeed.com/pagead/clk?mo=r&ad=-6NYlbfkN0Bba1PB9CD936IEe70KgIhCEb1NzQPYWj3Klda3zAR2xM2Ekwq9OnnKO7mv6xoL6xixiH4wxwPHz8hp4UoAxVEiusCccufODGC_-6O8NQSAPQxx_nynq2smKnGQbPPdAxGQzgwmgIPTzYWF3wbVzJbwSZdy-Yo9334cOgw_4hHuLl2-mpr9jKPjo84Zd6oXM2_6z1E54ltIALPMfdskLDU602IFeE92UotcaHZG53IGCPp7YaCJFDSSj75EzGfZzP6yRBrQAlfRf9NmeXJQXQOx9y9nGPDYCR0b6etiarcr1We5UsGMlFz1PLbAhoLF0BofdFe_Mq1iMuym1g7sQubVMsvxvkjIe-h7FYuJNuNVsamk4RQ5qpPfSqb4oiKrWiXOzxxtmixUxl4JhiVBvbGBPFjq6AHSQeF1lcfRf-0DuDtOznpBDkGkNBViIqfrfa4EJnyuXAI1gCM_VW920loX&p=13&fvj=1&vjs=3"
"Digital Marketing Manager Position","CURLS","","","","7 days ago","","Easily apply","Full-Time","https://www.indeed.com/pagead/clk?mo=r&ad=-6NYlbfkN0A6l-NhDGJWsuuVeC2GO5px45Yw8OW4W8ah_Kv81hpLDXIErkG4dompVoK0m4kQFZUM_A7yAwMTh-CrQJKnn-pFmyWfLHiQxkijATbpfC2ULwNk8JASS-Y_mW-UGXja2nCIDRfkfIG_FZNnFxdHCcz_04SVkUVNyorVahe4cvJXyZILq_LxImbW7XQTGces-wuIwcFFIrn6DJ631RrokaCAyqCYl_kId0rWMMaZTupEYQsbki-elGTouOVFlW29PByaa1QTp7hg7Oj1od-cd6Y6bONuTXWPC_Wjn0jzzGc6oLzWPW8KmwpGQpBVWc6C3kkJhxW0a7rvwZHwxJwNzBaj7QcIQHEJ5jnqlRSuqwB8XANdyhuOL7do5wT3_ktPM8TUcYT51o1_Fx0asHzHjUFJ675VEGJbZjXxOdh5QEF9jJijgw8dRdAK--QoA5vcAo52ZG3LFJj5Og==&p=14&fvj=1&vjs=3"
"Materials Scientist","AEI Corporation","","","","30+ days ago","","Easily apply","","https://www.indeed.com/rc/clk?jk=8943bee78aae3369&fccid=e32657ac097ff8bb&vjs=3"
"Senior Director of Media","Delve","","","","30+ days ago","","","","https://www.indeed.com/rc/clk?jk=d16faa232305e657&fccid=efa27d5c17dc27ba&vjs=3"
"Director, Enterprise Sales","Yext","","","","30+ days ago","","Easily apply","","https://www.indeed.com/rc/clk?jk=4761564f1311ef40&fccid=10492c8f2d7b4e4a&vjs=3"
"Paid Search Buyer [Google Ads]","Common Thread Collective","","","","22 days ago","","Easily apply, Responsive employer","Full-time","https://www.indeed.com/company/Common-Thread-Collective/jobs/Paid-Search-Buyer-9db49306df7f08f2?fccid=7bd372b3cbc6bc16&vjs=3"
"Post Doc for RADD LAB","University of Colorado Boulder","","","","30+ days ago","","","","https://www.indeed.com/rc/clk?jk=a8d46b6841c085f6&fccid=d3add89427ae6567&vjs=3"
"Tier 2 Video Engineer","United Business Solutions Inc","","","","12 days ago","Remote work available","Easily apply","","https://www.indeed.com/company/United-Business-Solutions/jobs/Tier-Video-Engineer-61113ebd749454dd?fccid=16a3b20928e3683f&vjs=3"
"Sr. Consulting Engineer - Metallurgical & Materials","Quest Integrity Group","","","","30+ days ago","","","","https://www.indeed.com/rc/clk?jk=ff860d67b71a86b2&fccid=638936a98629cb4b&vjs=3"
"Engineer I - Materials and Process (670088)","Ball Aerospace","","","","30+ days ago","","","","https://www.indeed.com/rc/clk?jk=206226c41cbcd1a1&fccid=82c5e27e77990fa2&vjs=3"
"Software Growth Engineer","NurseFly","","","","30+ days ago","","Easily apply","","https://www.indeed.com/rc/clk?jk=bd60a45a9cf55d1c&fccid=b15c5544b152ff2f&vjs=3"
"Technology Development Engineer/Scientist","Inscripta Inc","","","","23 days ago","","","","https://www.indeed.com/rc/clk?jk=de9b013f6be388bb&fccid=f534fdd10c69c2d2&vjs=3"
"VIDEO ENGINEER","CorTech, LLC","Englewood","CO","80112","13 days ago","Remote work available","","","https://www.indeed.com/pagead/clk?mo=r&ad=-6NYlbfkN0ATCZlh4at3dJuJ3v9QYE_c1VOYF6jG6qQshNoY64OlFFfJ6Ge9uDdKYCAYWb7bhuvBYl50Indys63X1x6U24SMLmV2Lrd9GQRtkQDdr5H057yNp-WUjOXri2xhW-lxbTTSV6XDm7cS54nKnQywUS6OaE7gYGizEgsRbqtds5vOkFY1DvV_2J4fE96u80IloLvGiiKbAs38izX4Kqu9drx9yjCq0Opa2uXDqkwn4o8G0ri3SNrKsr14h2qFaQVqqg_U4VwRuSVtbDODxFAJ0V08AOUrpYXkU2war438iZX2CosJWDw-L6W69GlOR70xjn5zLvdweqXqm3RZvlXlGCESsY58PpY2KxRZ2E9XCixVsTZDZF7_bii1ENKfN6XvGPNyuORuCIpSFQQCMdN6ZbJoQoVps-jx4MaqoU6Y_HIx_SE2RDGq5xCUeSaltZCTVNBtrNB7ST0sTX_InFSzVt7mNgvWnmERIuJ3E5AfyHt5FXO2PWm57OBp4mWeNQ3cW2AKwOFWPu25gbuJ-62r6iI1kPH-VVdwiSmGL5YBOtr_inKusNt75BqsllalNvNrgaM=&p=10&fvj=0&vjs=3"
"Digital Communications Specialist","Hire Connections","Centennial","CO","80112","8 days ago","","Easily apply, Urgently hiring","","https://www.indeed.com/pagead/clk?mo=r&ad=-6NYlbfkN0AqxGbEPOGztv1TouJsqP1p3J3aw4xydyY1m2qvtoJNKt4HXmFshb52A_KfTdjD_seaErSoeKzOhPmjsNsGtlya9AZ5s9uYVAru_zaw9meOie2jkvFabiFg8Rm7oXkxHusgCg14C9_3bAQa5NEeJxEckR8bGSgWYH9_IMjFfllF_VQ8fZFKAnAf3iHnriGtvKowecYj_PMN5H0T0-o-18Am7R1HhhlinuxbYuoZdPkm_OMF-qBjOp9-Jk03l1Sw8IcRkUrSZJGX6u60d7vXtlfCSxwez-fVNOXHaQ8DrBMeR1DYl3Tx1I8AmrcMQwnxim66dzHlXvC0RDDR10EfzEc3pXwvuIcRRaydxJrJakFlCO86o2g4FnJ7U4782koalDtzj5oHQf7kOClzy2faHldlnhqv_0ER5vZQZExynPSfhirnET34PNUsGqxcgTX4JHGwAI8t99I_ao4tynuLo-flMiIwY7hwy2Y=&p=11&fvj=1&vjs=3"
"Digital Products Sales Manager","MediaWorks Digital Marketing Services","Arvada","CO","80002","5 days ago","Remote work available","Easily apply, Responsive employer, Urgently hiring","Full-time","https://www.indeed.com/pagead/clk?mo=r&ad=-6NYlbfkN0ASY8fmWsAiVNgJ38--o5ScDZmxvOzvaKL-76jvrT2jGpFvXBe0VQEwOH2MlVrjdAAP-IgrziqLHE2-OORk__qj8RZlPsWhscI1iDLuA7MPOYupmumu2N8GP94HyNDgZQyl5uVzPJrdgdibqS2cHnDuEnSTSCy2pRw40QMh8sEDf3Uv5YD6PeRFrMdit66TgdicO1QJIjMzsBu293S-4cctnGp2OL89qvcIxHwVWW_MWaQGsjp7X7cXDwqVvqAo_Cetxk8Z2O-AQZx9iwyzdcAxXGTGLzjhZae6-xfFwTtorpM1qBKtBgYeTOpn7-MGe245kQd1EcxLKfO72IoDRIxeX5O829SsbGINKV-ZwRaN98xzMSX6fTKYtFcjeSKj_rjMuaxUqxSRXMG2Wr_DA-c1mtwsPWf9qB_LhayCrNcyfLZwM5zJSlRn5bY3zhn4snsKi3t4tzPvpA==&p=12&fvj=1&vjs=3"
"Advertising Operations Manager (Remote Job)","Grady Multi-Media","Broomfield","","","30+ days ago","Remote work available","Easily apply","Contract","https://www.indeed.com/pagead/clk?mo=r&ad=-6NYlbfkN0Bba1PB9CD936IEe70KgIhCEb1NzQPYWj3Klda3zAR2xM2Ekwq9OnnKO7mv6xoL6xixiH4wxwPHz8hp4UoAxVEiusCccufODGC_-6O8NQSAPQxx_nynq2smKnGQbPPdAxGQzgwmgIPTzYWF3wbVzJbwSZdy-Yo9334cOgw_4hHuLl2-mpr9jKPjkZW5wp2itt8Wc69_0SpU5Ls5C9VsKJF-hi4Tjvsy28r1GrHxVedXnEre8gVX81NbvWnafXG754ieUKqX-RpYQKBueIaWVyz3VHcaBmBegR_ldzo-m3WEaLaI7Ssw4r1qew_4j7NFzD9MmELttNmJHud_2XGjF8NGq_btyKGyHv5ntze3ZNBMT11FokwxfGb-HMSSaOqUW6HAZJAl1OWLau_TAhWFoPlkW18ggXZfgjZICQetNa3naTXODo8HdJxnl0IkUfEPHjSzRYh-Mv6ECLAh2r8IzfeZ&p=13&fvj=1&vjs=3"
"Digital Marketing Manager Position","CURLS","","","","7 days ago","","Easily apply","Full-Time","https://www.indeed.com/pagead/clk?mo=r&ad=-6NYlbfkN0A6l-NhDGJWsuuVeC2GO5px45Yw8OW4W8ah_Kv81hpLDXIErkG4dompVoK0m4kQFZUM_A7yAwMTh-CrQJKnn-pFmyWfLHiQxkijATbpfC2ULwNk8JASS-Y_mW-UGXja2nCIDRfkfIG_FZNnFxdHCcz_04SVkUVNyorVahe4cvJXyZILq_LxImbWZtn33rvswwxOaHnBR-KURSaNTqXT63fwnvCs3kSB_yhSGa2RcrFvG7PeK-c9whEbsPd0AVD2lHPDQyf94nqXgem-y3NHtXofDaQoecAHlWoJwq4OAja-h9lvm9n90ezofFgrNGsGIePAHV5yQG-KnsulZCFfw-3Lbmhzkvt-pEt9XlYxPyeJRRL0OJOMZuH1LAF0YRzqRTCt0hV6xEEMvReEtx4Pey48eGVEBTEpCdvBYDZh1G6KmuDXnXauw5N7tsGp4UYzLjy30FWXiyNOXA==&p=14&fvj=1&vjs=3"
